"","matchups_and_stats.T1ID","matchups_and_stats.T2ID","matchups_and_stats.probs"
"1",1101,1104,0.099912516883724
"2",1101,1111,0.233995207590024
"3",1101,1116,0.115829889757438
"4",1101,1124,0.092318546336692
"5",1101,1140,0.00299552583062425
"6",1101,1155,0.0790285265275803
"7",1101,1156,0.584798423043756
"8",1101,1159,0.00709882685635587
"9",1101,1160,0.0256139272274199
"10",1101,1163,0.135300506258892
"11",1101,1166,0.00989960583193086
"12",1101,1179,0.0558918025133198
"13",1101,1180,0.0668394935905996
"14",1101,1186,0.217412357144996
"15",1101,1196,0.0146848284852096
"16",1101,1199,0.0624076234653596
"17",1101,1207,0.00655125500416155
"18",1101,1210,0.344483476424194
"19",1101,1211,0.000527036425694028
"20",1101,1213,0.0144792799418091
"21",1101,1216,0.360668489279745
"22",1101,1222,0.0301824889360651
"23",1101,1228,0.0245832020483085
"24",1101,1233,0.0960844170773402
"25",1101,1234,0.00472267927848193
"26",1101,1242,0.0186991230562103
"27",1101,1251,0.00536366929736292
"28",1101,1260,0.0182390516894125
"29",1101,1261,0.00199428019727141
"30",1101,1268,0.0603674129572272
"31",1101,1276,0.00190603125284671
"32",1101,1277,0.0065447824246171
"33",1101,1281,0.454872471206109
"34",1101,1287,0.0751564308444743
"35",1101,1291,0.108341053045507
"36",1101,1313,0.622645037290737
"37",1101,1314,0.0110901022573261
"38",1101,1317,0.0305674500052333
"39",1101,1325,0.0495201826085465
"40",1101,1326,0.03731561903092
"41",1101,1328,0.012535005205893
"42",1101,1329,0.130347816159675
"43",1101,1331,0.00260249143433107
"44",1101,1332,0.0117382399141005
"45",1101,1333,0.011565021303994
"46",1101,1345,0.0315106685205657
"47",1101,1353,0.0214031614012616
"48",1101,1361,0.00758321244476461
"49",1101,1364,0.0298854465138097
"50",1101,1382,0.023299379597844
"51",1101,1393,0.0107864457325833
"52",1101,1397,0.100957483769145
"53",1101,1400,0.440010545770412
"54",1101,1403,0.0330723506888597
"55",1101,1411,0.650368042493116
"56",1101,1417,0.0893942590380591
"57",1101,1422,0.131139450179666
"58",1101,1425,0.173987903500489
"59",1101,1429,0.0104137950508198
"60",1101,1433,0.083421829141063
"61",1101,1437,0.012862428806067
"62",1101,1438,0.157306291099622
"63",1101,1439,0.0094924681528174
"64",1101,1452,0.387781207462786
"65",1101,1455,0.386513009349145
"66",1101,1457,0.0960254329826249
"67",1101,1458,0.0267348693970366
"68",1104,1111,0.764726371033706
"69",1104,1116,0.582277507254259
"70",1104,1124,0.519741787193599
"71",1104,1140,0.0309789374666411
"72",1104,1155,0.477274787846226
"73",1104,1156,0.937447804382552
"74",1104,1159,0.0706961306672089
"75",1104,1160,0.218570775117482
"76",1104,1163,0.624753234797693
"77",1104,1166,0.0961586214662998
"78",1104,1179,0.386472021746217
"79",1104,1180,0.432507852381123
"80",1104,1186,0.74722121769685
"81",1104,1196,0.136875166393069
"82",1104,1199,0.414602423685417
"83",1104,1207,0.0655668917531108
"84",1104,1210,0.848293541770415
"85",1104,1211,0.00557952181746535
"86",1104,1213,0.135193951827415
"87",1104,1216,0.857195906064511
"88",1104,1222,0.248768831622959
"89",1104,1228,0.211460407085517
"90",1104,1233,0.530748109956752
"91",1104,1234,0.0480628964337466
"92",1104,1242,0.168577034106255
"93",1104,1251,0.0542655516802658
"94",1104,1260,0.165049613144273
"95",1104,1261,0.0208196383206881
"96",1104,1268,0.40603456540423
"97",1104,1276,0.0199149711153848
"98",1104,1277,0.0655059569053594
"99",1104,1281,0.898772000336393
"100",1104,1287,0.463714834607308
"101",1104,1291,0.563863540513791
"102",1104,1313,0.946111685273299
"103",1104,1314,0.10660546260385
"104",1104,1317,0.251219556861757
"105",1104,1325,0.356650926923309
"106",1104,1326,0.292006888422867
"107",1104,1328,0.118997367814716
"108",1104,1329,0.614618904349573
"109",1104,1331,0.027013761849425
"110",1104,1332,0.11220243444443
"111",1104,1333,0.110712772247642
"112",1104,1345,0.25716526944509
"113",1104,1353,0.188784980879122
"114",1104,1361,0.0751914238412518
"115",1104,1364,0.246868158718668
"116",1104,1382,0.202442702397727
"117",1104,1393,0.103961452192922
"118",1104,1397,0.544389277948945
"119",1104,1400,0.893169929109619
"120",1104,1403,0.266829303902484
"121",1104,1411,0.951906236702729
"122",1104,1417,0.510899047503161
"123",1104,1422,0.616267465826423
"124",1104,1425,0.69147689863548
"125",1104,1429,0.100697467762923
"126",1104,1433,0.491980517745262
"127",1104,1437,0.121762761595818
"128",1104,1438,0.665131735895938
"129",1104,1439,0.092535495054382
"130",1104,1452,0.870795216384524
"131",1104,1455,0.870192642465488
"132",1104,1457,0.530578919138032
"133",1104,1458,0.226175967039207
"134",1111,1116,0.249541197285633
"135",1111,1124,0.205187450745078
"136",1111,1140,0.00756845280887888
"137",1111,1155,0.178850623453919
"138",1111,1156,0.781421448174775
"139",1111,1159,0.0178238100887851
"140",1111,1160,0.0625495257513814
"141",1111,1163,0.284262032629374
"142",1111,1166,0.0247505563345341
"143",1111,1179,0.130634878186667
"144",1111,1180,0.153837184137844
"145",1111,1186,0.413541505427521
"146",1111,1196,0.0364500821822499
"147",1111,1199,0.144530268518246
"148",1111,1207,0.0164626774218066
"149",1111,1210,0.571528152929219
"150",1111,1211,0.00133665484218919
"151",1111,1213,0.0359509938825847
"152",1111,1216,0.588798873870731
"153",1111,1222,0.0732110226222935
"154",1111,1228,0.0601241949925859
"155",1111,1233,0.212479693793871
"156",1111,1234,0.0119007816125777
"157",1111,1242,0.0461356106086346
"158",1111,1251,0.0135028086228952
"159",1111,1260,0.0450314721315747
"160",1111,1261,0.00504645650219099
"161",1111,1268,0.14020680220025
"162",1111,1276,0.0048237984388394
"163",1111,1277,0.0164465745616761
"164",1111,1281,0.679279668855802
"165",1111,1287,0.170995714621276
"166",1111,1291,0.235712088544818
"167",1111,1313,0.807252645042334
"168",1111,1314,0.0276770592898876
"169",1111,1317,0.0741028553015731
"170",1111,1325,0.116796707954319
"171",1111,1326,0.0895739986704563
"172",1111,1328,0.0312148231972575
"173",1111,1329,0.275594474720906
"174",1111,1331,0.00657937720462239
"175",1111,1332,0.0292658984802099
"176",1111,1333,0.028841576621098
"177",1111,1345,0.0762837354470081
"178",1111,1353,0.0525945313901891
"179",1111,1361,0.0190259875354283
"180",1111,1364,0.0725221793616449
"181",1111,1382,0.0570929347993839
"182",1111,1393,0.0269316062006525
"183",1111,1397,0.221807375273278
"184",1111,1400,0.666044077772807
"185",1111,1403,0.0798813682259063
"186",1111,1411,0.825220214504107
"187",1111,1417,0.199473623064768
"188",1111,1422,0.276987269281457
"189",1111,1425,0.34838231196055
"190",1111,1429,0.0260158411317234
"191",1111,1433,0.187662425342532
"192",1111,1437,0.0320143583700082
"193",1111,1438,0.32148784453303
"194",1111,1439,0.0237472978857779
"195",1111,1452,0.616523394623388
"196",1111,1455,0.615258911267539
"197",1111,1457,0.212366044272984
"198",1111,1458,0.0651787550737308
"199",1116,1124,0.297585997009644
"200",1116,1140,0.0123605620828117
"201",1116,1155,0.263318469864549
"202",1116,1156,0.854374553078484
"203",1116,1159,0.0289200721566986
"204",1116,1160,0.0986920438901068
"205",1116,1163,0.394590862116662
"206",1116,1166,0.0399835348181949
"207",1116,1179,0.197817009189604
"208",1116,1180,0.229797605963178
"209",1116,1186,0.536439927791629
"210",1116,1196,0.058452080225373
"211",1116,1199,0.217074124743431
"212",1116,1207,0.0267346280181776
"213",1116,1210,0.68642347616728
"214",1116,1211,0.00219169708470348
"215",1116,1213,0.0576697630519352
"216",1116,1216,0.701481960202495
"217",1116,1222,0.114759848781093
"218",1116,1228,0.095007330707314
"219",1116,1233,0.306894089124999
"220",1116,1234,0.0193824136515839
"221",1116,1242,0.0735377936015927
"222",1116,1251,0.0219691900468515
"223",1116,1260,0.0718272362961214
"224",1116,1261,0.00825499855785839
"225",1116,1268,0.21111612606466
"226",1116,1276,0.00789189716937135
"227",1116,1277,0.0267087505632105
"228",1116,1281,0.776576492626272
"229",1116,1287,0.252896349218458
"230",1116,1291,0.336044652527465
"231",1116,1313,0.872985646219764
"232",1116,1314,0.0446287605002536
"233",1116,1317,0.116094414637328
"234",1116,1325,0.178321968211871
"235",1116,1326,0.139016234981133
"236",1116,1328,0.0502214230067446
"237",1116,1329,0.38436580126351
"238",1116,1331,0.0107520193462779
"239",1116,1332,0.0471435521824458
"240",1116,1333,0.046472433980856
"241",1116,1345,0.119351821694184
"242",1116,1353,0.0834971713010538
"243",1116,1361,0.0308471629264915
"244",1116,1364,0.113728044365288
"245",1116,1382,0.0903865106090753
"246",1116,1393,0.0434471323972788
"247",1116,1397,0.318689224953313
"248",1116,1400,0.765972825013658
"249",1116,1403,0.124706382675368
"250",1116,1411,0.885693354504435
"251",1116,1417,0.290238735772889
"252",1116,1422,0.386015379217879
"253",1116,1425,0.467347802947851
"254",1116,1429,0.0419940198185162
"255",1116,1433,0.27489871418373
"256",1116,1437,0.0514819217176979
"257",1116,1438,0.437434634551038
"258",1116,1439,0.0383871151435479
"259",1116,1452,0.725155427695159
"260",1116,1455,0.724088842991693
"261",1116,1457,0.306749610236156
"262",1116,1458,0.102674107698366
"263",1124,1140,0.0407487463806015
"264",1124,1155,0.54817195091823
"265",1124,1156,0.952184574194944
"266",1124,1159,0.0918048553985639
"267",1124,1160,0.270958722963514
"268",1124,1163,0.688694653632651
"269",1124,1166,0.123856756048506
"270",1124,1179,0.455638072402175
"271",1124,1180,0.503156063107124
"272",1124,1186,0.797072586854642
"273",1124,1196,0.174043165938146
"274",1124,1199,0.48482457789937
"275",1124,1207,0.085284658965699
"276",1124,1210,0.881376484151069
"277",1124,1211,0.00740030525192603
"278",1124,1213,0.171996396294044
"279",1124,1216,0.888592452447816
"280",1124,1222,0.305564480892568
"281",1124,1228,0.26271708005763
"282",1124,1233,0.600463969029593
"283",1124,1234,0.0628709009727973
"284",1124,1242,0.212236787732193
"285",1124,1251,0.0708423556934546
"286",1124,1260,0.208024377195904
"287",1124,1261,0.0274763618934166
"288",1124,1268,0.47598549510076
"289",1124,1276,0.0262902089902406
"290",1124,1277,0.0852070702946201
"291",1124,1281,0.921860977096079
"292",1124,1287,0.534657979512559
"293",1124,1291,0.632070117130186
"294",1124,1313,0.958896813185895
"295",1124,1314,0.136857130381814
"296",1124,1317,0.308345068047668
"297",1124,1325,0.424169770251307
"298",1124,1326,0.354022061330589
"299",1124,1328,0.152166573106256
"300",1124,1329,0.679401032332681
"301",1124,1331,0.0355789894172529
"302",1124,1332,0.143786745107451
"303",1124,1333,0.141944796349411
"304",1124,1345,0.315073889347017
"305",1124,1353,0.236191606429927
"306",1124,1361,0.0975015461619874
"307",1124,1364,0.303405128358639
"308",1124,1382,0.252212675004365
"309",1124,1393,0.133575003159893
"310",1124,1397,0.613554124194738
"311",1124,1400,0.917419272070131
"312",1124,1403,0.32595917106353
"313",1124,1411,0.963369820202728
"314",1124,1417,0.581237117787459
"315",1124,1422,0.680916341937498
"316",1124,1425,0.748623405611182
"317",1124,1429,0.129515657049866
"318",1124,1433,0.562710581523734
"319",1124,1437,0.155566678673747
"320",1124,1438,0.72521889961239
"321",1124,1439,0.119327784341044
"322",1124,1452,0.899552215959604
"323",1124,1455,0.899068211533551
"324",1124,1457,0.600300984727363
"325",1124,1458,0.279734221335389
"326",1140,1155,0.947870077055678
"327",1140,1156,0.996660541568175
"328",1140,1159,0.602381246867637
"329",1140,1160,0.847797138125772
"330",1140,1163,0.97072231248909
"331",1140,1166,0.679350179617051
"332",1140,1179,0.926168823920566
"333",1140,1180,0.938185829704854
"334",1140,1186,0.9832964338473
"335",1140,1196,0.759502117734538
"336",1140,1199,0.933793127642926
"337",1140,1207,0.582871559460307
"338",1140,1210,0.991099620316056
"339",1140,1211,0.100505976565318
"340",1140,1213,0.756879528439513
"341",1140,1216,0.9917038634768
"342",1140,1222,0.868327652370259
"343",1140,1228,0.842280772138066
"344",1140,1233,0.957490559377857
"345",1140,1234,0.5013633396612
"346",1140,1242,0.801500022443019
"347",1140,1251,0.53329307473278
"348",1140,1260,0.797431146761855
"349",1140,1261,0.297469457096184
"350",1140,1268,0.931569936085666
"351",1140,1276,0.288080328540727
"352",1140,1277,0.582629624247927
"353",1140,1281,0.994376131887626
"354",1140,1287,0.94511391344539
"355",1140,1291,0.962611939312505
"356",1140,1313,0.997148028732761
"357",1140,1314,0.703818548587433
"358",1140,1317,0.869814919608328
"359",1140,1325,0.916942520075715
"360",1140,1326,0.891464167375692
"361",1140,1328,0.728985714358176
"362",1140,1329,0.96947508517416
"363",1140,1331,0.356042720533945
"364",1140,1332,0.715653547844402
"365",1140,1333,0.712582693584519
"366",1140,1345,0.873325463775248
"367",1140,1353,0.822520368217847
"368",1140,1361,0.618194602370254
"369",1140,1364,0.867157449267407
"370",1140,1382,0.834842712074418
"371",1140,1393,0.697933911448444
"372",1140,1397,0.959668985386568
"373",1140,1400,0.9940297554108
"374",1140,1403,0.878752825949897
"375",1140,1411,0.997469376853738
"376",1140,1417,0.954132464688313
"377",1140,1422,0.969680545816996
"378",1140,1425,0.978086063493966
"379",1140,1429,0.690389953304783
"380",1140,1433,0.950704062824695
"381",1140,1437,0.734114579972699
"382",1140,1438,0.975342071221619
"383",1140,1439,0.670043031821163
"384",1140,1452,0.992604422718767
"385",1140,1455,0.992565081536902
"386",1140,1457,0.957462900910159
"387",1140,1458,0.853386246499621
"388",1155,1156,0.92923724065077
"389",1155,1159,0.0624927779090809
"390",1155,1160,0.196843082055233
"391",1155,1163,0.593304827819743
"392",1155,1166,0.0852717919722284
"393",1155,1179,0.355650008193311
"394",1155,1180,0.400410505773171
"395",1155,1186,0.721460555598382
"396",1155,1196,0.122000750320432
"397",1155,1199,0.382937218255688
"398",1155,1207,0.0579216230737755
"399",1155,1210,0.830496585541232
"400",1155,1211,0.00489231385718486
"401",1155,1213,0.120476734064231
"402",1155,1216,0.840246626339653
"403",1155,1222,0.224903194432018
"404",1155,1228,0.19026743880098
"405",1155,1233,0.497754841896153
"406",1155,1234,0.0423661017064889
"407",1155,1242,0.150859674698064
"408",1155,1251,0.0478705399391112
"409",1155,1260,0.147637152699143
"410",1155,1261,0.0182898885482982
"411",1155,1268,0.374604988119335
"412",1155,1276,0.0174931817128956
"413",1155,1277,0.0578673533797271
"414",1155,1281,0.886101667585708
"415",1155,1287,0.431060710718689
"416",1155,1291,0.531141779409448
"417",1155,1313,0.938964295082162
"418",1155,1314,0.0946597403407413
"419",1155,1317,0.227189912222533
"420",1155,1325,0.326939852723745
"421",1155,1326,0.265458982533402
"422",1155,1328,0.105827550203461
"423",1155,1329,0.58288821594983
"424",1155,1331,0.0237496322176846
"425",1155,1332,0.0996995310109412
"426",1155,1333,0.0983574740021373
"427",1155,1345,0.23274368085733
"428",1155,1353,0.169376443676097
"429",1155,1361,0.0665037803049798
"430",1155,1364,0.223130703633678
"431",1155,1382,0.181944972564135
"432",1155,1393,0.0922814024740008
"433",1155,1397,0.511472306441501
"434",1155,1400,0.879892109880867
"435",1155,1403,0.241788694154729
"436",1155,1411,0.945483112065875
"437",1155,1417,0.477883083840142
"438",1155,1422,0.584580769754584
"439",1155,1425,0.662600485296141
"440",1155,1429,0.0893475601702669
"441",1155,1433,0.459039696450998
"442",1155,1437,0.108324520326134
"443",1155,1438,0.63509078906636
"444",1155,1439,0.0820216416803652
"445",1155,1452,0.855187345256171
"446",1155,1455,0.854524141187318
"447",1155,1457,0.497585016035896
"448",1155,1458,0.203889515784657
"449",1156,1159,0.00729042468287744
"450",1156,1160,0.026292016206376
"451",1156,1163,0.138469721606655
"452",1156,1166,0.0101660228994883
"453",1156,1179,0.057324294542282
"454",1156,1180,0.0685322044430376
"455",1156,1186,0.222011102976726
"456",1156,1196,0.0150780637629904
"457",1156,1199,0.0639957943436364
"458",1156,1207,0.00672817397524212
"459",1156,1210,0.350566019419051
"460",1156,1211,0.000541357884010773
"461",1156,1213,0.0148670940233137
"462",1156,1216,0.366876867489715
"463",1156,1222,0.0309776783958497
"464",1156,1228,0.0252347108540193
"465",1156,1233,0.0984396266508681
"466",1156,1234,0.00485045801345385
"467",1156,1242,0.0191977600231617
"468",1156,1251,0.00550869492947399
"469",1156,1260,0.0187256543537179
"470",1156,1261,0.00204839018599749
"471",1156,1268,0.0619070920084142
"472",1156,1276,0.00195775151611817
"473",1156,1277,0.00672152778401791
"474",1156,1281,0.461531815755818
"475",1156,1287,0.0770423787455165
"476",1156,1291,0.110959816231938
"477",1156,1313,0.628926805360307
"478",1156,1314,0.011388189320798
"479",1156,1317,0.0313724535814598
"480",1156,1325,0.0507981583003126
"481",1156,1326,0.0382913182799016
"482",1156,1328,0.0128714238271277
"483",1156,1329,0.133418921724733
"484",1156,1331,0.00267305956982842
"485",1156,1332,0.0120535357074829
"486",1156,1333,0.01187572025815
"487",1156,1345,0.0323396834120997
"488",1156,1353,0.0219722906027324
"489",1156,1361,0.0077877813294584
"490",1156,1364,0.0306730575928829
"491",1156,1382,0.0239176985790168
"492",1156,1393,0.0110764623348357
"493",1156,1397,0.103418475116936
"494",1156,1400,0.446630576831306
"495",1156,1403,0.0339410120285575
"496",1156,1411,0.656442952356344
"497",1156,1417,0.0916020987198697
"498",1156,1422,0.134226328542578
"499",1156,1425,0.17787690122557
"500",1156,1429,0.0106939004605569
"501",1156,1433,0.0854960122594574
"502",1156,1437,0.0132075173959305
"503",1156,1438,0.160895048976308
"504",1156,1439,0.00974803625303388
"505",1156,1452,0.394168552182623
"506",1156,1455,0.392892870582014
"507",1156,1457,0.0983793541027387
"508",1156,1458,0.0274417978328524
"509",1159,1160,0.7071096230146
"510",1159,1163,0.934940150719401
"511",1159,1166,0.478699717262714
"512",1159,1179,0.84464920223244
"513",1159,1180,0.868044196343938
"514",1159,1186,0.962284847536718
"515",1159,1196,0.577839847717078
"516",1159,1199,0.859413935584582
"517",1159,1207,0.377195943014633
"518",1159,1210,0.979701109219566
"519",1159,1211,0.0461920321355653
"520",1159,1213,0.574346486653371
"521",1159,1216,0.981064407954167
"522",1159,1222,0.740815736575848
"523",1159,1228,0.698308746014921
"524",1159,1233,0.907084897786232
"525",1159,1234,0.303521081872997
"526",1159,1242,0.636372984848904
"527",1159,1251,0.331220479361384
"528",1159,1260,0.630479826642727
"529",1159,1261,0.155064760002877
"530",1159,1268,0.855080745421401
"531",1159,1276,0.149215721521752
"532",1159,1277,0.376962228337608
"533",1159,1281,0.987119238607246
"534",1159,1287,0.881843621697731
"535",1159,1291,0.917757358027545
"536",1159,1313,0.993444338316851
"537",1159,1314,0.507376583593634
"538",1159,1317,0.743317525015798
"539",1159,1325,0.827137156897093
"540",1159,1326,0.780699100488401
"541",1159,1328,0.538285604804329
"542",1159,1329,0.932274954063517
"543",1159,1331,0.193313563159858
"544",1159,1332,0.521727047926207
"545",1159,1333,0.517972491479811
"546",1159,1345,0.74925584313478
"547",1159,1353,0.667628279524151
"548",1159,1361,0.412377007328065
"549",1159,1364,0.738853120063752
"550",1159,1382,0.686607247494903
"551",1159,1393,0.500359689894586
"552",1159,1397,0.911607937184091
"553",1159,1400,0.986332050436549
"554",1159,1403,0.758529176181953
"555",1159,1411,0.994180567198523
"556",1159,1417,0.900160134075667
"557",1159,1422,0.932713427245672
"558",1159,1425,0.950847923099237
"559",1159,1429,0.491476618228007
"560",1159,1433,0.893149310713735
"561",1159,1437,0.54476973420127
"562",1159,1438,0.944885448233769
"563",1159,1439,0.468128239148624
"564",1159,1452,0.983100216210568
"565",1159,1455,0.983011182199976
"566",1159,1457,0.907027627731854
"567",1159,1458,0.71613518362371
"568",1160,1163,0.856424839612557
"569",1160,1166,0.275974179994918
"570",1160,1179,0.692954545447412
"571",1160,1180,0.73194409318018
"572",1160,1186,0.913724351422717
"573",1160,1196,0.362309320163164
"574",1160,1199,0.717311337969061
"575",1160,1207,0.200891113970022
"576",1160,1210,0.952457175635972
"577",1160,1211,0.0197061412510941
"578",1160,1213,0.359010869925294
"579",1160,1216,0.95556722604757
"580",1160,1222,0.542632646314416
"581",1160,1228,0.489998874629552
"582",1160,1233,0.802070060802808
"583",1160,1234,0.153182722394271
"584",1160,1242,0.420770594783644
"585",1160,1251,0.170521301978245
"586",1160,1260,0.414597568641473
"587",1160,1261,0.0707855830828718
"588",1160,1268,0.710075789721318
"589",1160,1276,0.0678602335751314
"590",1160,1277,0.200731431199671
"591",1160,1281,0.969521732212019
"592",1160,1287,0.755975204790356
"593",1160,1291,0.822443672105117
"594",1160,1313,0.984351099199579
"595",1160,1314,0.299483511647939
"596",1160,1317,0.545874741348008
"597",1160,1325,0.665122189888653
"598",1160,1326,0.596397769513075
"599",1160,1328,0.326111737193579
"600",1160,1329,0.851055641179149
"601",1160,1331,0.0904717423408709
"602",1160,1332,0.31167415722558
"603",1160,1333,0.308456321481172
"604",1160,1345,0.553637902025663
"605",1160,1353,0.454677385666571
"606",1160,1361,0.225584351129563
"607",1160,1364,0.540100966240041
"608",1160,1382,0.476277378498835
"609",1160,1393,0.293628019689417
"610",1160,1397,0.810637960867777
"611",1160,1400,0.967694295523387
"612",1160,1403,0.565954813328653
"613",1160,1411,0.986094243373216
"614",1160,1417,0.789138129349914
"615",1160,1422,0.851936440057938
"616",1160,1425,0.889256403040034
"617",1160,1429,0.28631198383367
"618",1160,1433,0.776268938765472
"619",1160,1437,0.331877151651681
"620",1160,1438,0.876790606315281
"621",1160,1439,0.267581642618874
"622",1160,1452,0.960233178689076
"623",1160,1455,0.960028571275119
"624",1160,1457,0.801962194409517
"625",1160,1458,0.511523911630224
"626",1163,1166,0.0642137428595858
"627",1163,1179,0.288910471417151
"628",1163,1180,0.329567568394491
"629",1163,1186,0.655957647387846
"630",1163,1196,0.0927925227052644
"631",1163,1199,0.313568998465304
"632",1163,1207,0.043298051220838
"633",1163,1210,0.782919933321926
"634",1163,1211,0.00360589753868542
"635",1163,1213,0.0915953077970114
"636",1163,1216,0.794730232113345
"637",1163,1222,0.17599740363251
"638",1163,1228,0.147460407436874
"639",1163,1233,0.421805194773153
"640",1163,1234,0.0315383821320519
"641",1163,1242,0.115652413399797
"642",1163,1251,0.0356884507209594
"643",1163,1260,0.113081801708313
"644",1163,1261,0.0135285213696711
"645",1163,1268,0.305997648400982
"646",1163,1276,0.0129364864245106
"647",1163,1277,0.0432568539632948
"648",1163,1281,0.851338624955727
"649",1163,1287,0.358033087341009
"650",1163,1291,0.454709977770733
"651",1163,1313,0.918858072882377
"652",1163,1314,0.0714644437968574
"653",1163,1317,0.17790099859032
"654",1163,1325,0.2633856749138
"655",1163,1326,0.210125007287334
"656",1163,1328,0.0801379390020824
"657",1163,1329,0.50706318180823
"658",1163,1331,0.0175924121177246
"659",1163,1332,0.0753721033819614
"660",1163,1333,0.0743304815830234
"661",1163,1345,0.18253446589283
"662",1163,1353,0.130511978570918
"663",1163,1361,0.049828059489117
"664",1163,1364,0.17452356019771
"665",1163,1382,0.140685039977979
"666",1163,1393,0.0696240723302626
"667",1163,1397,0.435243434298248
"668",1163,1400,0.843568422438085
"669",1163,1403,0.19011170612182
"670",1163,1411,0.927358169610321
"671",1163,1417,0.40253539787826
"672",1163,1422,0.508804136183024
"673",1163,1425,0.59110080760986
"674",1163,1429,0.0673571077677937
"675",1163,1433,0.384475240688358
"676",1163,1437,0.0820844133849623
"677",1163,1438,0.561618389576802
"678",1163,1439,0.0617120745697187
"679",1163,1452,0.812980330959559
"680",1163,1455,0.812166285662392
"681",1163,1457,0.421639527671483
"682",1163,1458,0.15861809286888
"683",1166,1179,0.819879007224082
"684",1166,1180,0.846325580915735
"685",1166,1186,0.955278173817912
"686",1166,1196,0.533998541981279
"687",1166,1199,0.836542344699956
"688",1166,1207,0.336445500530543
"689",1166,1210,0.97584880114461
"690",1166,1211,0.0389644130517587
"691",1166,1213,0.53043720131182
"692",1166,1216,0.977464874456071
"693",1166,1222,0.705266673187658
"694",1166,1228,0.659608381386278
"695",1166,1233,0.890985008954955
"696",1166,1234,0.267313829137671
"697",1166,1242,0.594342979124659
"698",1166,1251,0.293099487181997
"699",1166,1260,0.588209431457496
"700",1166,1261,0.133180570536954
"701",1166,1268,0.831642298407847
"702",1166,1276,0.1280319205467
"703",1166,1277,0.336223404264555
"704",1166,1281,0.984652683768514
"705",1166,1287,0.862035268267196
"706",1166,1291,0.903309619946351
"707",1166,1313,0.992179389638896
"708",1166,1314,0.463017866945662
"709",1166,1317,0.70797633798331
"710",1166,1325,0.800235104040299
"711",1166,1326,0.748765181070788
"712",1166,1328,0.493934077831564
"713",1166,1329,0.920155674926049
"714",1166,1331,0.167098887707899
"715",1166,1332,0.477329380012545
"716",1166,1333,0.473577959988121
"717",1166,1345,0.714418143676778
"718",1166,1353,0.627093962839632
"719",1166,1361,0.370084288948371
"720",1166,1364,0.703142737077149
"721",1166,1382,0.647164273413612
"722",1166,1393,0.45604652291467
"723",1166,1397,0.896202096722239
"724",1166,1400,0.98371724233148
"725",1166,1403,0.724506152090949
"726",1166,1411,0.993056684803849
"727",1166,1417,0.88301510239723
"728",1166,1422,0.920665935046992
"729",1166,1425,0.941844919079802
"730",1166,1429,0.447245948735665
"731",1166,1433,0.874967570170209
"732",1166,1437,0.500463043617408
"733",1166,1438,0.934865132334975
"734",1166,1439,0.424245809514811
"735",1166,1452,0.979879739980805
"736",1166,1455,0.979774088431773
"737",1166,1457,0.890919008759844
"738",1166,1458,0.678669303040163
"739",1179,1180,0.507717263424252
"740",1179,1186,0.800008020590777
"741",1179,1196,0.176681844547562
"742",1179,1199,0.489383282869224
"743",1179,1207,0.0867189497006349
"744",1179,1210,0.883271016357159
"745",1179,1211,0.00753555187243892
"746",1179,1213,0.174610603828803
"747",1179,1216,0.890386071434461
"748",1179,1222,0.309450095907078
"749",1179,1228,0.266266752967859
"750",1179,1233,0.604833441093778
"751",1179,1234,0.0639545993600192
"752",1179,1242,0.215303578626917
"753",1179,1251,0.0720528926311309
"754",1179,1260,0.211046606472524
"755",1179,1261,0.0279681766334675
"756",1179,1268,0.480538612193959
"757",1179,1276,0.026761376357289
"758",1179,1277,0.0866401797617056
"759",1179,1281,0.923165298641848
"760",1179,1287,0.539194837840259
"761",1179,1291,0.636303294393686
"762",1179,1313,0.959610006862593
"763",1179,1314,0.139026926002737
"764",1179,1317,0.312250142735723
"765",1179,1325,0.428632668127945
"766",1179,1326,0.358206023916117
"767",1179,1328,0.154535634944232
"768",1179,1329,0.683362448325416
"769",1179,1331,0.0362104375107016
"770",1179,1332,0.146047816292889
"771",1179,1333,0.144181780121139
"772",1179,1345,0.319024875350624
"773",1179,1353,0.239499304841223
"774",1179,1361,0.0991190329565153
"775",1179,1364,0.307275434645419
"776",1179,1382,0.255669635952609
"777",1179,1393,0.135700943443989
"778",1179,1397,0.617871542123779
"779",1179,1400,0.918791204609563
"780",1179,1403,0.32998089467267
"781",1179,1411,0.96400831454157
"782",1179,1417,0.585671771299136
"783",1179,1422,0.684867719046565
"784",1179,1425,0.752041656666395
"785",1179,1429,0.131586802111012
"786",1179,1433,0.567195337752143
"787",1179,1437,0.157978812664289
"788",1179,1438,0.728840131676717
"789",1179,1439,0.121258705057004
"790",1179,1452,0.901189007859067
"791",1179,1455,0.900712019754347
"792",1179,1457,0.604671065727591
"793",1179,1458,0.283425431890264
"794",1180,1186,0.833793629620989
"795",1180,1196,0.212055293987941
"796",1180,1199,0.545855279765587
"797",1180,1207,0.106408809926156
"798",1180,1210,0.904666787875102
"799",1180,1211,0.00943220980336347
"800",1180,1213,0.209674977982676
"801",1180,1216,0.910609677884451
"802",1180,1222,0.35978897233037
"803",1180,1228,0.31276253081328
"804",1180,1233,0.65747385206185
"805",1180,1234,0.0789223918201488
"806",1180,1242,0.256005127503739
"807",1180,1251,0.088736318198176
"808",1180,1260,0.251201026644799
"809",1180,1261,0.034827148112193
"810",1180,1268,0.537063471021708
"811",1180,1276,0.0333345392167179
"812",1180,1277,0.106314236957364
"813",1180,1281,0.937763909179269
"814",1180,1287,0.59472009086449
"815",1180,1291,0.686921541749265
"816",1180,1313,0.967527683852268
"817",1180,1314,0.168403511314922
"818",1180,1317,0.362805200797061
"819",1180,1325,0.484749533845235
"820",1180,1326,0.411747056147571
"821",1180,1328,0.186479459311136
"822",1180,1329,0.730208143874263
"823",1180,1331,0.0449971854702856
"824",1180,1332,0.176603623744431
"825",1180,1333,0.174426923660625
"826",1180,1345,0.370086563120861
"827",1180,1353,0.283124533903238
"828",1180,1361,0.121250583977253
"829",1180,1364,0.357443666602148
"830",1180,1382,0.301074245220929
"831",1180,1393,0.164509027416866
"832",1180,1397,0.669723546704109
"833",1180,1400,0.934161623048614
"834",1180,1403,0.381812951515149
"835",1180,1411,0.971089764029605
"836",1180,1417,0.639342662825577
"837",1180,1422,0.731578189670985
"838",1180,1425,0.791821842177762
"839",1180,1429,0.159682854430785
"840",1180,1433,0.621713723049112
"841",1180,1437,0.190474025012353
"842",1180,1438,0.771210160304123
"843",1180,1439,0.147524149640507
"844",1180,1452,0.919599464916681
"845",1180,1455,0.919203381296631
"846",1180,1457,0.657320851892795
"847",1180,1458,0.331563506418659
"848",1186,1196,0.0640187625976672
"849",1186,1199,0.233992947997084
"850",1186,1207,0.0293749383397795
"851",1186,1210,0.706894758156294
"852",1186,1211,0.0024141612848378
"853",1186,1213,0.063166939819052
"854",1186,1216,0.721369219036866
"855",1186,1222,0.124977207936815
"856",1186,1228,0.103672027968347
"857",1186,1233,0.327881726603158
"858",1186,1234,0.0213125199037641
"859",1186,1242,0.0804184547290953
"860",1186,1251,0.0241505442803597
"861",1186,1260,0.0785614187046458
"862",1186,1261,0.00908730206075044
"863",1186,1268,0.22770563763519
"864",1186,1276,0.00868791197733963
"865",1186,1277,0.0293465822887885
"866",1186,1281,0.792937673871684
"867",1186,1287,0.271638476488381
"868",1186,1291,0.357996140049005
"869",1186,1313,0.883347347077747
"870",1186,1314,0.0489474171916918
"871",1186,1317,0.126413625919815
"872",1186,1325,0.192964852328099
"873",1186,1326,0.151024765628559
"874",1186,1328,0.0550500886024214
"875",1186,1329,0.407536322138914
"876",1186,1331,0.0118330790412872
"877",1186,1332,0.0516923943004266
"878",1186,1333,0.0509599836764821
"879",1186,1345,0.129918015099794
"880",1186,1353,0.0912179451665842
"881",1186,1361,0.0338794886973212
"882",1186,1364,0.12386639337308
"883",1186,1382,0.0986757371670402
"884",1186,1393,0.0476571486322052
"885",1186,1397,0.340087705039387
"886",1186,1400,0.782893421627361
"887",1186,1403,0.135673583487716
"888",1186,1411,0.89514289271969
"889",1186,1417,0.310597779658058
"890",1186,1422,0.409219241377854
"891",1186,1425,0.491526763737328
"892",1186,1429,0.0460700113946714
"893",1186,1433,0.294628392752942
"894",1186,1437,0.0564245812459619
"895",1186,1438,0.461406593508726
"896",1186,1439,0.0421284113561755
"897",1186,1452,0.744041027685373
"898",1186,1455,0.743021760081914
"899",1186,1457,0.327732039158678
"900",1186,1458,0.111951521730654
"901",1196,1199,0.768808803660506
"902",1196,1207,0.247814826436303
"903",1196,1210,0.963309175861002
"904",1196,1211,0.0256684604360663
"905",1196,1213,0.423303578683207
"906",1196,1216,0.96573487305404
"907",1196,1222,0.608587593257501
"908",1196,1228,0.557352364119873
"909",1196,1233,0.841537989614781
"910",1196,1234,0.191635176244809
"911",1196,1242,0.487708129747048
"912",1196,1251,0.212235319060556
"913",1196,1260,0.481369191524922
"914",1196,1261,0.0907715290741172
"915",1196,1268,0.762454853939815
"916",1196,1276,0.0870976412494624
"917",1196,1277,0.247629403396074
"918",1196,1281,0.976574421390376
"919",1196,1287,0.802369829482724
"920",1196,1291,0.8585654120876
"921",1196,1313,0.988014684905769
"922",1196,1314,0.359087902665639
"923",1196,1317,0.611696719228695
"924",1196,1325,0.722448269853091
"925",1196,1326,0.659465107194987
"926",1196,1328,0.388079821916288
"927",1196,1329,0.882190399970219
"928",1196,1331,0.115326127526606
"929",1196,1332,0.372414924058622
"930",1196,1333,0.368906076204745
"931",1196,1345,0.619119776985553
"932",1196,1353,0.522146498023172
"933",1196,1361,0.276281715653416
"934",1196,1364,0.606156017997195
"935",1196,1382,0.543755700584045
"936",1196,1393,0.352653704242639
"937",1196,1397,0.84871965865172
"938",1196,1400,0.975159019904256
"939",1196,1403,0.63083462590319
"940",1196,1411,0.989354152727019
"941",1196,1417,0.830640235610571
"942",1196,1422,0.882912410950455
"943",1196,1425,0.913220065260107
"944",1196,1429,0.344584417709815
"945",1196,1433,0.81972534040829
"946",1196,1437,0.394299767450329
"947",1196,1438,0.903157966780043
"948",1196,1439,0.323771347719591
"949",1196,1452,0.969367333692429
"950",1196,1455,0.969208216093257
"951",1196,1457,0.841447380289828
"952",1196,1458,0.578480122511134
"953",1199,1207,0.0669105031224817
"954",1199,1210,0.851068136502245
"955",1199,1211,0.00570135893031798
"956",1199,1213,0.137754035774562
"957",1199,1216,0.859834586063761
"958",1199,1222,0.252850794759325
"959",1199,1228,0.215105479279536
"960",1199,1233,0.536154748601142
"961",1199,1234,0.0490666469750807
"962",1199,1242,0.171643804813975
"963",1199,1251,0.0553913016295094
"964",1199,1260,0.168065184318893
"965",1199,1261,0.0212671487071112
"966",1199,1268,0.411284264647756
"967",1199,1276,0.020343440015702
"968",1199,1277,0.0668484089143072
"969",1199,1281,0.900731418472684
"970",1199,1287,0.469121283192341
"971",1199,1291,0.569198328527202
"972",1199,1313,0.947208596268082
"973",1199,1314,0.108692224640754
"974",1199,1317,0.255328065501341
"975",1199,1325,0.361650896741685
"976",1199,1326,0.296518291993943
"977",1199,1328,0.121293764104816
"978",1199,1329,0.619751525013946
"979",1199,1331,0.0275906610817426
"980",1199,1332,0.114384727899275
"981",1199,1333,0.112869775870002
"982",1199,1345,0.261337078176673
"983",1199,1353,0.192134421764911
"984",1199,1361,0.0767160710324352
"985",1199,1364,0.250929351736412
"986",1199,1382,0.205972934058431
"987",1199,1393,0.10600259958474
"988",1199,1397,0.549772072041586
"989",1199,1400,0.895225142611745
"990",1199,1403,0.271100670499389
"991",1199,1411,0.952891071025569
"992",1199,1417,0.516325970198752
"993",1199,1422,0.621391655484199
"994",1199,1425,0.696092045397301
"995",1199,1429,0.102681874820095
"996",1199,1433,0.497410854753854
"997",1199,1437,0.124105006519851
"998",1199,1438,0.669952872099322
"999",1199,1439,0.0943759368162513
"1000",1199,1452,0.873219778494601
"1001",1199,1455,0.872626858068188
"1002",1199,1457,0.535985802889719
"1003",1199,1458,0.23000071262596
"1004",1207,1210,0.986545166055374
"1005",1207,1211,0.0685317051065148
"1006",1207,1213,0.672121619648039
"1007",1207,1216,0.987454695422027
"1008",1207,1222,0.812814383976766
"1009",1207,1228,0.778586232849563
"1010",1207,1233,0.936833958738551
"1011",1207,1234,0.398337486039287
"1012",1207,1242,0.726680519568635
"1013",1207,1251,0.429355589558159
"1014",1207,1260,0.721610679000988
"1015",1207,1261,0.218022487159283
"1016",1207,1268,0.899637976997021
"1017",1207,1276,0.210390004286885
"1018",1207,1277,0.4789442651764
"1019",1207,1281,0.991483909814657
"1020",1207,1287,0.918952209267259
"1021",1207,1291,0.944299196449975
"1022",1207,1313,0.995675127443259
"1023",1207,1314,0.610091737957058
"1024",1207,1317,0.814794945689165
"1025",1207,1325,0.879070932761871
"1026",1207,1326,0.843952322618759
"1027",1207,1328,0.639139699925326
"1028",1207,1329,0.954364558496453
"1029",1207,1331,0.266895293890071
"1030",1207,1332,0.623669381743778
"1031",1207,1333,0.620132422029803
"1032",1207,1345,0.819481233414248
"1033",1207,1353,0.753184094589207
"1034",1207,1361,0.516004979842229
"1035",1207,1364,0.81125805929652
"1036",1207,1382,0.768968262907728
"1037",1207,1393,0.603394262283697
"1038",1207,1397,0.940004618279262
"1039",1207,1400,0.990961019374731
"1040",1207,1403,0.826757916578478
"1041",1207,1411,0.996161797072148
"1042",1207,1417,0.931960022788767
"1043",1207,1422,0.95466697093691
"1044",1207,1425,0.967093482012284
"1045",1207,1429,0.594859794468073
"1046",1207,1433,0.927001122359407
"1047",1207,1437,0.645141190992942
"1048",1207,1438,0.963025068861707
"1049",1207,1439,0.572125694470723
"1050",1207,1452,0.988811304828094
"1051",1207,1455,0.988752014595558
"1052",1207,1457,0.936793747410765
"1053",1207,1458,0.793074805633007
"1054",1210,1211,0.00118568359409068
"1055",1210,1213,0.0320157704666839
"1056",1210,1216,0.559467302500555
"1057",1210,1222,0.0654742837176957
"1058",1210,1228,0.0536903177699152
"1059",1210,1233,0.193091747878047
"1060",1210,1234,0.0105692511721865
"1061",1210,1242,0.0411331371402366
"1062",1210,1251,0.0119942096315187
"1063",1210,1260,0.0401436816241603
"1064",1210,1261,0.00447835301787527
"1065",1210,1268,0.126355388597709
"1066",1210,1276,0.00428065278450275
"1067",1210,1277,0.0146139560205464
"1068",1210,1281,0.652594129841008
"1069",1210,1287,0.154649689814639
"1070",1210,1291,0.214782433345952
"1071",1210,1313,0.787890189016761
"1072",1210,1314,0.024624373861854
"1073",1210,1317,0.0662786099406767
"1074",1210,1325,0.104975668839192
"1075",1210,1326,0.0802578098651488
"1076",1210,1328,0.0277830840934809
"1077",1210,1329,0.252292515104284
"1078",1210,1331,0.00583971844494303
"1079",1210,1332,0.0260426632149854
"1080",1210,1333,0.0256638390472929
"1081",1210,1345,0.0682461919074632
"1082",1210,1353,0.046926172439899
"1083",1210,1361,0.0169108904647104
"1084",1210,1364,0.0648531415934667
"1085",1210,1382,0.05096584250129
"1086",1210,1393,0.0239591156957556
"1087",1210,1397,0.201786395874118
"1088",1210,1400,0.638842789582128
"1089",1210,1403,0.0714941030904002
"1090",1210,1411,0.807231682395831
"1091",1210,1417,0.180999673154799
"1092",1210,1422,0.253608774556088
"1093",1210,1425,0.321658737786167
"1094",1210,1429,0.0231420214775625
"1095",1210,1433,0.170049987582529
"1096",1210,1437,0.0284973044799195
"1097",1210,1438,0.295890496473853
"1098",1210,1439,0.0211186375587387
"1099",1210,1452,0.587784924676627
"1100",1210,1455,0.586489237240559
"1101",1210,1457,0.192985927193041
"1102",1210,1458,0.0582375054543304
"1103",1211,1213,0.963174504237204
"1104",1211,1216,0.999005257867985
"1105",1211,1222,0.98227072398861
"1106",1211,1228,0.978197654064671
"1107",1211,1233,0.994743329217875
"1108",1211,1234,0.894149999403069
"1109",1211,1242,0.971365573827751
"1110",1211,1251,0.905660694510297
"1111",1211,1260,0.97065112289141
"1112",1211,1261,0.780574915725136
"1113",1211,1268,0.991332384675625
"1114",1211,1276,0.77270901027389
"1115",1211,1277,0.921432749519031
"1116",1211,1281,0.99932726963909
"1117",1211,1287,0.99313508305974
"1118",1211,1291,0.995398203586485
"1119",1211,1313,0.999659680730381
"1120",1211,1314,0.952299852750831
"1121",1211,1317,0.982496922519375
"1122",1211,1325,0.989333347676761
"1123",1211,1326,0.985715349338294
"1124",1211,1328,0.957624272678589
"1125",1211,1329,0.996266277027032
"1126",1211,1331,0.822855599609055
"1127",1211,1332,0.954842927963878
"1128",1211,1333,0.954189892588446
"1129",1211,1345,0.983028195210178
"1130",1211,1353,0.974959820962226
"1131",1211,1361,0.931520860624716
"1132",1211,1364,0.982092275857543
"1133",1211,1382,0.97699437691653
"1134",1211,1393,0.951008479934983
"1135",1211,1397,0.99502263485609
"1136",1211,1400,0.999285616806291
"1137",1211,1403,0.983842311171958
"1138",1211,1411,0.999698112152913
"1139",1211,1417,0.994310584559481
"1140",1211,1422,0.996292098099516
"1141",1211,1425,0.997340282307327
"1142",1211,1429,0.949326041642346
"1143",1211,1433,0.993866018342204
"1144",1211,1437,0.958671527288562
"1145",1211,1438,0.996999845773131
"1146",1211,1439,0.94463112322695
"1147",1211,1452,0.999113946901136
"1148",1211,1455,0.99910920241657
"1149",1211,1457,0.994739775842949
"1150",1211,1458,0.979960517365802
"1151",1213,1216,0.958906800202114
"1152",1213,1222,0.562808748424058
"1153",1213,1228,0.510401905521162
"1154",1213,1233,0.81470943296198
"1155",1213,1234,0.164072977020629
"1156",1213,1242,0.440782392517146
"1157",1213,1251,0.182378735637276
"1158",1213,1260,0.434536027052418
"1159",1213,1261,0.0763460847460948
"1160",1213,1268,0.72658717363552
"1161",1213,1276,0.0732090417620569
"1162",1213,1277,0.214147227528986
"1163",1213,1281,0.971843387996482
"1164",1213,1287,0.770716646582179
"1165",1213,1291,0.834051210727212
"1166",1213,1313,0.985559965181983
"1167",1213,1314,0.316882664723206
"1168",1213,1317,0.566022205565342
"1169",1213,1325,0.683050970347197
"1170",1213,1326,0.615881030635168
"1171",1213,1328,0.344297566524246
"1172",1213,1329,0.86110858472551
"1173",1213,1331,0.0974165497400768
"1174",1213,1332,0.329448470760526
"1175",1213,1333,0.326134074313937
"1176",1213,1345,0.573709915109069
"1177",1213,1353,0.474979420422347
"1178",1213,1361,0.24016207834228
"1179",1213,1364,0.560298252974513
"1180",1213,1382,0.496665469606598
"1181",1213,1393,0.310837935473467
"1182",1213,1397,0.822851046809977
"1183",1213,1400,0.970150869000472
"1184",1213,1403,0.585887243547993
"1185",1213,1411,0.987170207842049
"1186",1213,1417,0.802399858815574
"1187",1213,1422,0.861939578414331
"1188",1213,1425,0.897042917827489
"1189",1213,1429,0.303277201412742
"1190",1213,1433,0.790124790790186
"1191",1213,1437,0.350217404315201
"1192",1213,1438,0.885340593492486
"1193",1213,1439,0.283878465102669
"1194",1213,1452,0.963235551695921
"1195",1213,1455,0.963045797527962
"1196",1213,1457,0.814606862539213
"1197",1213,1458,0.531888477533729
"1198",1216,1222,0.0410675595129454
"1199",1216,1228,0.0335187272095369
"1200",1216,1233,0.127609208418018
"1201",1216,1234,0.00648729468560222
"1202",1216,1242,0.0255519242105231
"1203",1216,1251,0.00736601620284419
"1204",1216,1260,0.024927530215335
"1205",1216,1261,0.00274224607674391
"1206",1216,1268,0.0812266839498168
"1207",1216,1276,0.00262098579831537
"1208",1216,1277,0.00898407579045287
"1209",1216,1281,0.534505368825086
"1210",1216,1287,0.100578881681538
"1211",1216,1291,0.143249892296913
"1212",1216,1313,0.694243596158995
"1213",1216,1314,0.0151975576514754
"1214",1216,1317,0.0415854005692781
"1215",1216,1325,0.0668981695711463
"1216",1216,1326,0.0506388723082056
"1217",1216,1328,0.0171683204871609
"1218",1216,1329,0.17098774137878
"1219",1216,1331,0.00357775255817723
"1220",1216,1332,0.0160818431183891
"1221",1216,1333,0.0158455546421126
"1222",1216,1345,0.0428535707536413
"1223",1216,1353,0.0292174255337047
"1224",1216,1361,0.0104054833028943
"1225",1216,1364,0.0406678833134354
"1226",1216,1382,0.0317834651715247
"1227",1216,1393,0.0147831167083042
"1228",1216,1397,0.133844361445737
"1229",1216,1400,0.519521227780783
"1230",1216,1403,0.0449513200256486
"1231",1216,1411,0.719079710127846
"1232",1216,1417,0.119013047744746
"1233",1216,1422,0.171977382622992
"1234",1216,1425,0.224718137671526
"1235",1216,1429,0.0142743812902399
"1236",1216,1433,0.111303659976531
"1237",1216,1437,0.0176146108260387
"1238",1216,1438,0.204376065742359
"1239",1216,1439,0.0130159939217447
"1240",1216,1452,0.465702803933824
"1241",1216,1455,0.464373065421258
"1242",1216,1457,0.127533602381672
"1243",1216,1458,0.0364232803904315
"1244",1222,1228,0.476385883467271
"1245",1222,1233,0.793272597015524
"1246",1222,1234,0.146243820017647
"1247",1222,1242,0.407543982277842
"1248",1222,1251,0.162948124279531
"1249",1222,1260,0.401430519579281
"1250",1222,1261,0.067282567727994
"1251",1222,1268,0.698725302665515
"1252",1222,1276,0.0644919393751165
"1253",1222,1277,0.192127331580182
"1254",1222,1281,0.967868893952031
"1255",1222,1287,0.745778325951017
"1256",1222,1291,0.814342150147555
"1257",1222,1313,0.98348876266946
"1258",1222,1314,0.288172675653239
"1259",1222,1317,0.532329713238144
"1260",1222,1325,0.652872134618074
"1261",1222,1326,0.583209087877381
"1262",1222,1328,0.314246356214763
"1263",1222,1329,0.844012016064891
"1264",1222,1331,0.0860847587728114
"1265",1222,1332,0.300100147871831
"1266",1222,1333,0.296950255416054
"1267",1222,1345,0.540129355103239
"1268",1222,1353,0.44119678055055
"1269",1222,1361,0.216203124437848
"1270",1222,1364,0.526533094943593
"1271",1222,1382,0.462699743297327
"1272",1222,1393,0.282449165188368
"1273",1222,1397,0.802127368284594
"1274",1222,1400,0.965945836192367
"1275",1222,1403,0.552517739141508
"1276",1222,1411,0.985326531343928
"1277",1222,1417,0.779923589436278
"1278",1222,1422,0.844926878446427
"1279",1222,1425,0.883772589276149
"1280",1222,1429,0.275303105813915
"1281",1222,1433,0.766658312783171
"1282",1222,1437,0.319901580003341
"1283",1222,1438,0.870779209234696
"1284",1222,1439,0.257033581604819
"1285",1222,1452,0.958098391767962
"1286",1222,1455,0.957883282255489
"1287",1222,1457,0.793161172625374
"1288",1222,1458,0.497896727460055
"1289",1228,1233,0.831996792222123
"1290",1228,1234,0.181043921306421
"1291",1228,1242,0.470273062209753
"1292",1228,1251,0.200788335664021
"1293",1228,1260,0.463955505414307
"1294",1228,1261,0.0851674683595889
"1295",1228,1268,0.749568981307463
"1296",1228,1276,0.0817000182201837
"1297",1228,1277,0.234842522536316
"1298",1228,1281,0.974921637377083
"1299",1228,1287,0.791055822451392
"1300",1228,1291,0.849866550248011
"1301",1228,1313,0.987158451058843
"1302",1228,1314,0.343170770361077
"1303",1228,1317,0.594977062728728
"1304",1228,1325,0.708222694331372
"1305",1228,1326,0.643603895914191
"1306",1228,1328,0.371622729403586
"1307",1228,1329,0.874732577342808
"1308",1228,1331,0.108386825873161
"1309",1228,1332,0.356235399749892
"1310",1228,1333,0.352793299293074
"1311",1228,1345,0.602512048866851
"1312",1228,1353,0.504693169337213
"1313",1228,1361,0.262531574524274
"1314",1228,1364,0.589357946518654
"1315",1228,1382,0.526375716892938
"1316",1228,1393,0.336871869846054
"1317",1228,1397,0.839528421609362
"1318",1228,1400,0.973409091853998
"1319",1228,1403,0.614419581006781
"1320",1228,1411,0.98859250594261
"1321",1228,1417,0.820582766664599
"1322",1228,1422,0.875493843876031
"1323",1228,1425,0.907520629111281
"1324",1228,1429,0.328980179787997
"1325",1228,1433,0.809168601659047
"1326",1228,1437,0.377741733200748
"1327",1228,1438,0.896872311163406
"1328",1228,1439,0.308665744589562
"1329",1228,1452,0.967223122602769
"1330",1228,1455,0.967053245715809
"1331",1228,1457,0.831901816978193
"1332",1228,1458,0.561355840462886
"1333",1233,1234,0.0242863136714789
"1334",1233,1242,0.0908736849586756
"1335",1233,1251,0.0275092045003274
"1336",1233,1260,0.0887985288944042
"1337",1233,1261,0.010373358388825
"1338",1233,1268,0.252060946514767
"1339",1233,1276,0.00991801141589236
"1340",1233,1277,0.0334031297655877
"1341",1233,1281,0.814026123137888
"1342",1233,1287,0.29887431868384
"1343",1233,1291,0.389263133915212
"1344",1233,1313,0.896430623546947
"1345",1233,1314,0.0555582867625023
"1346",1233,1317,0.141925789853356
"1347",1233,1325,0.214637016766732
"1348",1233,1326,0.168972806664651
"1349",1233,1328,0.0624310829261122
"1350",1233,1329,0.440163618519199
"1351",1233,1331,0.0135024291655845
"1352",1233,1332,0.0586511389122463
"1353",1233,1333,0.0578261445881537
"1354",1233,1345,0.145788436950759
"1355",1233,1353,0.102920079224049
"1356",1233,1361,0.0385377381123222
"1357",1233,1364,0.139115763174466
"1358",1233,1382,0.11121752672717
"1359",1233,1393,0.0541036672968174
"1360",1233,1397,0.370693710531466
"1361",1233,1400,0.804752949328931
"1362",1233,1403,0.15212416304762
"1363",1233,1411,0.90704244710789
"1364",1233,1417,0.339916878837129
"1365",1233,1422,0.44188078234689
"1366",1233,1425,0.524920650598951
"1367",1233,1429,0.0523136333734485
"1368",1233,1433,0.323146640251601
"1369",1233,1437,0.0639773873127577
"1370",1233,1438,0.494745232375803
"1371",1233,1439,0.0478646527459887
"1372",1233,1452,0.768656482609511
"1373",1233,1455,0.767704634116073
"1374",1233,1457,0.357829039345017
"1375",1233,1458,0.125944896398162
"1376",1234,1242,0.819920593524144
"1377",1234,1251,0.563033654748459
"1378",1234,1260,0.81614268959659
"1379",1234,1261,0.323165164856561
"1380",1234,1268,0.938841200191603
"1381",1234,1276,0.313326716684232
"1382",1234,1277,0.611516504210894
"1383",1234,1281,0.995009466427574
"1384",1234,1287,0.951021682621392
"1385",1234,1291,0.9667026302905
"1386",1234,1313,0.997469999039836
"1387",1234,1314,0.728230212578847
"1388",1234,1317,0.882822771280334
"1389",1234,1325,0.925644009131584
"1390",1234,1326,0.902551212883954
"1391",1234,1328,0.752053820415158
"1392",1234,1329,0.972836057632514
"1393",1234,1331,0.384032249296763
"1394",1234,1332,0.739450863314955
"1395",1234,1333,0.736542400519366
"1396",1234,1345,0.886028509251313
"1397",1234,1353,0.839381183958418
"1398",1234,1361,0.646115075395541
"1399",1234,1364,0.88039431826649
"1400",1234,1382,0.850745312290596
"1401",1234,1393,0.722639458653315
"1402",1234,1397,0.964069651235905
"1403",1234,1400,0.994701889465742
"1404",1234,1403,0.890979552409907
"1405",1234,1411,0.997755150573656
"1406",1234,1417,0.959111501494704
"1407",1234,1422,0.973019525433136
"1408",1234,1425,0.980517969525795
"1409",1234,1429,0.715460962792486
"1410",1234,1433,0.956038113872263
"1411",1234,1437,0.756891715648217
"1412",1234,1438,0.978071665538443
"1413",1234,1439,0.696036246551545
"1414",1234,1452,0.993435962039976
"1415",1234,1455,0.993401014869899
"1416",1234,1457,0.962094773000592
"1417",1234,1458,0.86778610545496
"1418",1242,1251,0.159827353807673
"1419",1242,1260,0.395902605621427
"1420",1242,1261,0.0658498416245165
"1421",1242,1268,0.693849052216603
"1422",1242,1276,0.0631146162946751
"1423",1242,1277,0.18857361982879
"1424",1242,1281,0.967143998855618
"1425",1242,1287,0.741381767808441
"1426",1242,1291,0.810830576516404
"1427",1242,1313,0.983110110780549
"1428",1242,1314,0.283465789938591
"1429",1242,1317,0.526585022867542
"1430",1242,1325,0.647628004692451
"1431",1242,1326,0.577593453190102
"1432",1242,1328,0.309298643392126
"1433",1242,1329,0.840952021121309
"1434",1242,1331,0.084287836986712
"1435",1242,1332,0.295279258249986
"1436",1242,1333,0.292158844281609
"1437",1242,1345,0.534396674052532
"1438",1242,1353,0.435519700094671
"1439",1242,1361,0.212321128410134
"1440",1242,1364,0.520781300532401
"1441",1242,1382,0.456972241774574
"1442",1242,1393,0.277799280998347
"1443",1242,1397,0.798441944632121
"1444",1242,1400,0.96517911673886
"1445",1242,1403,0.546809915448535
"1446",1242,1411,0.984989381717678
"1447",1242,1417,0.775940133163151
"1448",1242,1422,0.841881468064521
"1449",1242,1425,0.881382954361402
"1450",1242,1429,0.270726479213503
"1451",1242,1433,0.762507864504406
"1452",1242,1437,0.31490571546542
"1453",1242,1438,0.868162281963187
"1454",1242,1439,0.252654782180457
"1455",1242,1452,0.957162824842956
"1456",1242,1455,0.956943128269929
"1457",1242,1457,0.789352606856907
"1458",1242,1458,0.492132600576315
"1459",1251,1260,0.597240328140948
"1460",1251,1261,0.137559048345038
"1461",1251,1268,0.836815603730749
"1462",1251,1276,0.13226695849976
"1463",1251,1277,0.344623260940622
"1464",1251,1281,0.985207904510754
"1465",1251,1287,0.866424658953383
"1466",1251,1291,0.906528241822639
"1467",1251,1313,0.992464400190985
"1468",1251,1314,0.472331346320709
"1469",1251,1317,0.715650382307563
"1470",1251,1325,0.806148535887482
"1471",1251,1326,0.755737158263801
"1472",1251,1328,0.503286579539323
"1473",1251,1329,0.922861413885119
"1474",1251,1331,0.172370728823665
"1475",1251,1332,0.486669831447036
"1476",1251,1333,0.482912827497738
"1477",1251,1345,0.721989379514034
"1478",1251,1353,0.635800097038077
"1479",1251,1361,0.378847271709852
"1480",1251,1364,0.710891932575595
"1481",1251,1382,0.655659129367865
"1482",1251,1393,0.465341294109282
"1483",1251,1397,0.89963102465793
"1484",1251,1400,0.984305765197397
"1485",1251,1403,0.73191030053353
"1486",1251,1411,0.993309939212789
"1487",1251,1417,0.886824645626889
"1488",1251,1422,0.923355822768811
"1489",1251,1425,0.943860502744864
"1490",1251,1429,0.456511886464053
"1491",1251,1433,0.879003266809878
"1492",1251,1437,0.509814629573644
"1493",1251,1438,0.937106472767706
"1494",1251,1439,0.433408863583513
"1495",1251,1452,0.980604230496268
"1496",1251,1455,0.980502307551048
"1497",1251,1457,0.894501917153318
"1498",1251,1458,0.68677276566835
"1499",1260,1261,0.0878084465296352
"1500",1260,1268,0.755791656479165
"1501",1260,1276,0.0842433747825051
"1502",1260,1277,0.240902615116713
"1503",1260,1281,0.975726115103864
"1504",1260,1287,0.796527467898912
"1505",1260,1291,0.854082195425963
"1506",1260,1313,0.987575392044593
"1507",1260,1314,0.350744864697949
"1508",1260,1317,0.603006564095093
"1509",1260,1325,0.715082225127213
"1510",1260,1326,0.65123447057177
"1511",1260,1328,0.37946200038586
"1512",1260,1329,0.878349944890781
"1513",1260,1331,0.111659937175042
"1514",1260,1332,0.363938073459291
"1515",1260,1333,0.360463220116986
"1516",1260,1345,0.610489964058071
"1517",1260,1353,0.513047639822208
"1518",1260,1361,0.269054933966881
"1519",1260,1364,0.597423471145697
"1520",1260,1382,0.534701639982213
"1521",1260,1393,0.344379832071309
"1522",1260,1397,0.843981063259114
"1523",1260,1400,0.974260808862981
"1524",1260,1403,0.622308318321737
"1525",1260,1411,0.988963406418945
"1526",1260,1417,0.825451800498028
"1527",1260,1422,0.879092266783024
"1528",1260,1425,0.910288276345403
"1529",1260,1429,0.336401482856854
"1530",1260,1433,0.814277286021624
"1531",1260,1437,0.385630868108625
"1532",1260,1438,0.899923490897904
"1533",1260,1439,0.315844485730449
"1534",1260,1452,0.968266519184021
"1535",1260,1455,0.968101871698671
"1536",1260,1457,0.836524869139636
"1537",1260,1458,0.569569678405668
"1538",1261,1268,0.94661644808104
"1539",1261,1276,0.345157611621346
"1540",1261,1277,0.645177996408833
"1541",1261,1281,0.995676805595302
"1542",1261,1287,0.957318798595244
"1543",1261,1291,0.971045037478876
"1544",1261,1313,0.9978090378091
"1545",1261,1314,0.755816864576158
"1546",1261,1317,0.896937965997096
"1547",1261,1325,0.934980849301049
"1548",1261,1326,0.914520020856473
"1549",1261,1328,0.777959540934558
"1550",1261,1329,0.976398115548773
"1551",1261,1331,0.418666642068698
"1552",1261,1332,0.766264107631443
"1553",1261,1333,0.763559250866354
"1554",1261,1345,0.899801368903449
"1555",1261,1353,0.857886978656385
"1556",1261,1361,0.678355492478239
"1557",1261,1364,0.89476717503823
"1558",1261,1382,0.868147454764194
"1559",1261,1393,0.750599258014943
"1560",1261,1397,0.968744330840216
"1561",1261,1400,0.995410168409796
"1562",1261,1403,0.90421878244531
"1563",1261,1411,0.998056051407808
"1564",1261,1417,0.964407440305386
"1565",1261,1422,0.976558104601711
"1566",1261,1425,0.983090193762022
"1567",1261,1429,0.743887935769681
"1568",1261,1433,0.961716233096556
"1569",1261,1437,0.782438194243689
"1570",1261,1438,0.980960605104302
"1571",1261,1439,0.725659725653941
"1572",1261,1452,0.994312509086232
"1573",1261,1455,0.994282201823663
"1574",1261,1457,0.967017601708405
"1575",1261,1458,0.883473538598368
"1576",1268,1276,0.0277344468479148
"1577",1268,1277,0.0895900796907915
"1578",1268,1281,0.925729469468322
"1579",1268,1287,0.548303270032625
"1580",1268,1291,0.644756877145428
"1581",1268,1313,0.961009293945566
"1582",1268,1314,0.143480280259127
"1583",1268,1317,0.320188707232954
"1584",1268,1325,0.437647238984651
"1585",1268,1326,0.366690014505128
"1586",1268,1328,0.15939379912452
"1587",1268,1329,0.691252954744331
"1588",1268,1331,0.0375138420283987
"1589",1268,1332,0.15068670493942
"1590",1268,1333,0.148771724069568
"1591",1268,1345,0.327053772011172
"1592",1268,1353,0.246250524484672
"1593",1268,1361,0.102446153424914
"1594",1268,1364,0.315145478034187
"1595",1268,1382,0.262719212447052
"1596",1268,1393,0.140065090778043
"1597",1268,1397,0.626502069803978
"1598",1268,1400,0.921488935664904
"1599",1268,1403,0.338148603417086
"1600",1268,1411,0.96526074114973
"1601",1268,1417,0.594552325379137
"1602",1268,1422,0.692737580729656
"1603",1268,1425,0.758824716568619
"1604",1268,1429,0.135839433443389
"1605",1268,1433,0.576185335632647
"1606",1268,1437,0.162924361622915
"1607",1268,1438,0.736035108557909
"1608",1268,1439,0.125225684104792
"1609",1268,1452,0.904410643212628
"1610",1268,1455,0.90394754926905
"1611",1268,1457,0.613413193962159
"1612",1268,1458,0.290941176947802
"1613",1276,1277,0.595591188695024
"1614",1276,1281,0.994667807910027
"1615",1276,1287,0.947826468977644
"1616",1276,1291,0.964492204910546
"1617",1276,1313,0.997296334113321
"1618",1276,1314,0.714858456614833
"1619",1276,1317,0.875759670992786
"1620",1276,1325,0.920930870601205
"1621",1276,1326,0.896537920654345
"1622",1276,1328,0.739434832220908
"1623",1276,1329,0.971020590261921
"1624",1276,1331,0.368413000926364
"1625",1276,1332,0.726423788582743
"1626",1276,1333,0.723424297717185
"1627",1276,1345,0.879132185881663
"1628",1276,1353,0.830203184589185
"1629",1276,1361,0.630751663471774
"1630",1276,1364,0.873205861561408
"1631",1276,1382,0.842094517141705
"1632",1276,1393,0.709102506158784
"1633",1276,1397,0.961691363715531
"1634",1276,1400,0.994339293619331
"1635",1276,1403,0.884343707020642
"1636",1276,1411,0.997601012010871
"1637",1276,1417,0.956419861595246
"1638",1276,1422,0.971215957098213
"1639",1276,1425,0.979204938398865
"1640",1276,1429,0.701718269638846
"1641",1276,1433,0.953154038423644
"1642",1276,1437,0.74443527647797
"1643",1276,1438,0.976597695857934
"1644",1276,1439,0.681772664934078
"1645",1276,1452,0.992987338556684
"1646",1276,1455,0.992950019849376
"1647",1276,1457,0.959591244230155
"1648",1276,1458,0.859960413185059
"1649",1277,1281,0.988058875319608
"1650",1277,1287,0.889604119382446
"1651",1277,1291,0.923364036178501
"1652",1277,1313,0.993925405733387
"1653",1277,1314,0.526526684000271
"1654",1277,1317,0.757676237620219
"1655",1277,1325,0.837829999550435
"1656",1277,1326,0.793547497785922
"1657",1277,1328,0.557282582033553
"1658",1277,1329,0.936959914602068
"1659",1277,1331,0.205556079691808
"1660",1277,1332,0.540824152075035
"1661",1277,1333,0.537086495536131
"1662",1277,1345,0.763388110024728
"1663",1277,1353,0.684423455852444
"1664",1277,1361,0.431079152273868
"1665",1277,1364,0.753378710774364
"1666",1277,1382,0.70287021163659
"1667",1277,1393,0.519524252564404
"1668",1277,1397,0.917596195013517
"1669",1277,1400,0.987328374463049
"1670",1277,1403,0.772297623913461
"1671",1277,1411,0.99460790191948
"1672",1277,1417,0.906844689382957
"1673",1277,1422,0.937370093567457
"1674",1277,1425,0.954311042300624
"1675",1277,1429,0.510648677167426
"1676",1277,1433,0.900251245445855
"1677",1277,1437,0.563716157180911
"1678",1277,1438,0.948746022091817
"1679",1277,1439,0.487262217930389
"1680",1277,1452,0.984328381371223
"1681",1277,1455,0.98424571407812
"1682",1277,1457,0.913296672999958
"1683",1277,1458,0.73146513637466
"1684",1281,1287,0.0997236739249879
"1685",1281,1291,0.142089177691586
"1686",1281,1313,0.692225539011025
"1687",1281,1314,0.0150561821179363
"1688",1281,1317,0.0412088234606346
"1689",1281,1325,0.0663082310379718
"1690",1281,1326,0.0501846042198945
"1691",1281,1328,0.0170089285371997
"1692",1281,1329,0.169646778210355
"1693",1281,1331,0.00354408145149909
"1694",1281,1332,0.0159323745880822
"1695",1281,1333,0.0156982471951623
"1696",1281,1345,0.0424660185512331
"1697",1281,1353,0.02894946380125
"1698",1281,1361,0.0103082195060728
"1699",1281,1364,0.0402992654354089
"1700",1281,1382,0.0314927329769234
"1701",1281,1393,0.014645539183612
"1702",1281,1397,0.132748048949597
"1703",1281,1400,0.517152022384695
"1704",1281,1403,0.044545679462489
"1705",1281,1411,0.717158792615372
"1706",1281,1417,0.118021664686264
"1707",1281,1422,0.170630255681246
"1708",1281,1425,0.223069180121599
"1709",1281,1429,0.0141414703010324
"1710",1281,1433,0.110368451100641
"1711",1281,1437,0.017451149053782
"1712",1281,1438,0.202837323096538
"1713",1281,1439,0.0128946466984668
"1714",1281,1452,0.463342351927971
"1715",1281,1455,0.462013525237
"1716",1281,1457,0.126481432740823
"1717",1281,1458,0.0360916885914855
"1718",1287,1291,0.520323875558338
"1719",1287,1313,0.936429825809699
"1720",1287,1314,0.091006226407854
"1721",1287,1317,0.219662318466239
"1722",1287,1325,0.317464892214584
"1723",1287,1326,0.257085213489558
"1724",1287,1328,0.10179146364494
"1725",1287,1329,0.572302842361247
"1726",1287,1331,0.0227641680854611
"1727",1287,1332,0.0958720985324009
"1728",1287,1333,0.0945761503833422
"1729",1287,1345,0.225085667089191
"1730",1287,1353,0.163359493043674
"1731",1287,1361,0.0638603276656047
"1732",1287,1364,0.215700066323145
"1733",1287,1382,0.175575913414228
"1734",1287,1393,0.0887106889112381
"1735",1287,1397,0.500627257712429
"1736",1287,1400,0.875230650716032
"1737",1287,1403,0.233923806802122
"1738",1287,1411,0.943202958807624
"1739",1287,1417,0.467069318729173
"1740",1287,1422,0.574006957834773
"1741",1287,1425,0.652833185808201
"1742",1287,1429,0.0858796276671145
"1743",1287,1433,0.448286226633198
"1744",1287,1437,0.104204301349632
"1745",1287,1438,0.624977852547978
"1746",1287,1439,0.0788134478631887
"1747",1287,1452,0.849730825695169
"1748",1287,1455,0.849047043191201
"1749",1287,1457,0.486741044210944
"1750",1287,1458,0.196937208661468
"1751",1291,1313,0.909504233617509
"1752",1291,1314,0.0639394321954263
"1753",1291,1317,0.161113152601818
"1754",1291,1325,0.24089474811667
"1755",1291,1326,0.19100280254881
"1756",1291,1328,0.0717702241972496
"1757",1291,1329,0.477245559230789
"1758",1291,1331,0.0156444046848651
"1759",1291,1332,0.0674655221372443
"1760",1291,1333,0.0665253055752241
"1761",1291,1345,0.165397345561819
"1762",1291,1353,0.117556590008803
"1763",1291,1361,0.0444721834862755
"1764",1291,1364,0.157993178613239
"1765",1291,1382,0.126867159014157
"1766",1291,1393,0.0622798489856715
"1767",1291,1397,0.406169209366997
"1768",1291,1400,0.827167889834447
"1769",1291,1403,0.172413241260332
"1770",1291,1411,0.918897712870499
"1771",1291,1417,0.374198392224465
"1772",1291,1422,0.4789836157218
"1773",1291,1425,0.561975310373614
"1774",1291,1429,0.0602365306382849
"1775",1291,1433,0.356650672448239
"1776",1291,1437,0.0735297011523181
"1777",1291,1438,0.532055355332917
"1778",1291,1439,0.0551529654532197
"1779",1291,1452,0.794155431962369
"1780",1291,1455,0.793280282156281
"1781",1291,1457,0.392841927550353
"1782",1291,1458,0.143332645774444
"1783",1313,1314,0.00812944915499706
"1784",1313,1317,0.0225254952215225
"1785",1313,1325,0.0366806414723906
"1786",1313,1326,0.0275487476572533
"1787",1313,1328,0.00919220120933336
"1788",1313,1329,0.098728205571752
"1789",1313,1331,0.0019033599181764
"1790",1313,1332,0.00860606347920995
"1791",1313,1333,0.00847866915804902
"1792",1313,1345,0.0232265088772618
"1793",1313,1353,0.0157330997009443
"1794",1313,1361,0.0055535135352458
"1795",1313,1364,0.0220188438739858
"1796",1313,1382,0.0171357736872685
"1797",1313,1393,0.00790620974877245
"1798",1313,1397,0.0758455561002562
"1799",1313,1400,0.364781962160992
"1800",1313,1403,0.0243879632195542
"1801",1313,1411,0.576179232635344
"1802",1313,1417,0.0669443728769294
"1803",1313,1422,0.0993497440664981
"1804",1313,1425,0.133406068942193
"1805",1313,1429,0.0076322978630707
"1806",1313,1433,0.0623690903720203
"1807",1313,1437,0.00943314242340732
"1808",1313,1438,0.120049870409377
"1809",1313,1439,0.00695532534324349
"1810",1313,1452,0.31643634599922
"1811",1313,1455,0.315281315302016
"1812",1313,1457,0.0720419873002267
"1813",1313,1458,0.0196807537770943
"1814",1314,1317,0.742570252687395
"1815",1314,1325,0.82657697368516
"1816",1314,1326,0.780028450392211
"1817",1314,1328,0.537312978790343
"1818",1314,1329,0.932027483719368
"1819",1314,1331,0.192704109252599
"1820",1314,1332,0.520750596303155
"1821",1314,1333,0.51699547093336
"1822",1314,1345,0.748520009948048
"1823",1314,1353,0.666759442389187
"1824",1314,1361,0.411429158705602
"1825",1314,1364,0.738097430073628
"1826",1314,1382,0.685764671287428
"1827",1314,1393,0.499381473289883
"1828",1314,1397,0.911292134348005
"1829",1314,1400,0.986279200024613
"1830",1314,1403,0.757811760048004
"1831",1314,1411,0.994157885208553
"1832",1314,1417,0.899807926300865
"1833",1314,1422,0.932467443041188
"1834",1314,1425,0.950664727773172
"1835",1314,1429,0.490498719369373
"1836",1314,1433,0.892775316711438
"1837",1314,1437,0.543799191114507
"1838",1314,1438,0.944681322977104
"1839",1314,1439,0.467154119618662
"1840",1314,1452,0.983035084077536
"1841",1314,1455,0.982945712880526
"1842",1314,1457,0.906697135473251
"1843",1314,1458,0.71533908173355
"1844",1317,1325,0.606857561385281
"1845",1317,1326,0.534543656830145
"1846",1317,1328,0.273307244047786
"1847",1317,1329,0.816201584283836
"1848",1317,1331,0.0717594449684675
"1849",1317,1332,0.260304408469206
"1850",1317,1333,0.257418589669316
"1851",1317,1345,0.490825388536152
"1852",1317,1353,0.393202023569084
"1853",1317,1361,0.184598486643133
"1854",1317,1364,0.477182407697041
"1855",1317,1382,0.414099253224114
"1856",1317,1393,0.24417749150395
"1857",1317,1397,0.768894220439965
"1858",1317,1400,0.958813635168816
"1859",1317,1403,0.503320617168828
"1860",1317,1411,0.982178476031488
"1861",1317,1417,0.74415073759107
"1862",1317,1422,0.817244235679052
"1863",1317,1425,0.861890941041526
"1864",1317,1429,0.23767898670812
"1865",1317,1433,0.729477132717902
"1866",1317,1437,0.278524957614552
"1867",1317,1438,0.846875188502024
"1868",1317,1439,0.221144348181688
"1869",1317,1452,0.949408726162776
"1870",1317,1455,0.949151374235003
"1871",1317,1457,0.758874814286624
"1872",1317,1458,0.448686516797302
"1873",1325,1326,0.415571845336848
"1874",1325,1328,0.18888360096957
"1875",1325,1329,0.733303494621196
"1876",1325,1331,0.0456797211717347
"1877",1325,1332,0.178908444027232
"1878",1325,1333,0.176709432832688
"1879",1325,1345,0.37377025148644
"1880",1325,1353,0.286336101761925
"1881",1325,1361,0.122940863719297
"1882",1325,1364,0.361073646987146
"1883",1325,1382,0.304402964713383
"1884",1325,1393,0.166687957342157
"1885",1325,1397,0.673202274634364
"1886",1325,1400,0.935124888555778
"1887",1325,1403,0.385541920624375
"1888",1325,1411,0.971529209281045
"1889",1325,1417,0.642970796643802
"1890",1325,1422,0.734663533449447
"1891",1325,1425,0.79440932079421
"1892",1325,1429,0.161810241464732
"1893",1325,1433,0.625415296426058
"1894",1325,1437,0.192917453233251
"1895",1325,1438,0.773980698497728
"1896",1325,1439,0.14951837358369
"1897",1325,1452,0.920757712977493
"1898",1325,1455,0.920366841216718
"1899",1325,1457,0.660864063517834
"1900",1325,1458,0.335067715527457
"1901",1326,1328,0.24385259736093
"1902",1326,1329,0.792005474406795
"1903",1326,1331,0.062167636530866
"1904",1326,1332,0.231804089247966
"1905",1326,1333,0.229136357742219
"1906",1326,1345,0.452526484742843
"1907",1326,1353,0.357177080144873
"1908",1326,1361,0.162565404968101
"1909",1326,1364,0.439030158333887
"1910",1326,1382,0.377350347871196
"1911",1326,1393,0.216925066045533
"1912",1326,1397,0.74045074996682
"1913",1326,1400,0.952294345642509
"1914",1326,1403,0.464937004597705
"1915",1326,1411,0.979277619374205
"1916",1326,1417,0.713795504058342
"1917",1326,1422,0.793150599840456
"1918",1326,1425,0.842549310007254
"1919",1326,1429,0.210949424971298
"1920",1326,1433,0.698087277955805
"1921",1326,1437,0.248700437616391
"1922",1326,1438,0.825855549195895
"1923",1326,1439,0.19579668584534
"1924",1326,1452,0.941491598200878
"1925",1326,1455,0.941196467184231
"1926",1326,1457,0.729631813367182
"1927",1326,1458,0.411021453183092
"1928",1328,1329,0.809400031830571
"1929",1328,1331,0.0688380377889016
"1930",1328,1332,0.251789239553088
"1931",1328,1333,0.248966048959866
"1932",1328,1345,0.479659259449718
"1933",1328,1353,0.382588035879
"1934",1328,1361,0.177964008562499
"1935",1328,1364,0.466042570280143
"1936",1328,1382,0.403296085248478
"1937",1328,1393,0.236021541868908
"1938",1328,1397,0.760854966313239
"1939",1328,1400,0.957011556626944
"1940",1328,1403,0.492144980757797
"1941",1328,1411,0.981378854267825
"1942",1328,1417,0.735546794143201
"1943",1328,1422,0.810472307627292
"1944",1328,1425,0.856482851061936
"1945",1328,1429,0.229674139263051
"1946",1328,1433,0.720565028969592
"1947",1328,1437,0.269631016845402
"1948",1328,1438,0.840987589473743
"1949",1328,1439,0.213540383939461
"1950",1328,1452,0.947217795999812
"1951",1328,1455,0.946949921814205
"1952",1328,1457,0.750600076313989
"1953",1328,1458,0.437655040913045
"1954",1329,1331,0.0148689516205556
"1955",1329,1332,0.0642891893258133
"1956",1329,1333,0.063390229890114
"1957",1329,1345,0.158393442705038
"1958",1329,1353,0.112305943757673
"1959",1329,1361,0.0423292576530371
"1960",1329,1364,0.151245993242779
"1961",1329,1382,0.121257800926156
"1962",1329,1393,0.0593321282953387
"1963",1329,1397,0.393780112601057
"1964",1329,1400,0.819662339059035
"1965",1329,1403,0.165171039985511
"1966",1329,1411,0.914966185534432
"1967",1329,1417,0.362189694385499
"1968",1329,1422,0.466116851615676
"1969",1329,1425,0.549229266311714
"1970",1329,1429,0.0573796029279099
"1971",1329,1433,0.344894753237521
"1972",1329,1437,0.070089320440415
"1973",1329,1438,0.519183576149557
"1974",1329,1439,0.0525236680867875
"1975",1329,1452,0.785587868441034
"1976",1329,1455,0.784686169244874
"1977",1329,1457,0.380598800874463
"1978",1329,1458,0.137109596719277
"1979",1331,1332,0.656477134864517
"1980",1331,1333,0.653076999872837
"1981",1331,1345,0.839608581449137
"1982",1331,1353,0.778707269840685
"1983",1331,1361,0.55144818031892
"1984",1331,1364,0.832114433067116
"1985",1331,1382,0.793307128384309
"1986",1331,1393,0.636940611482975
"1987",1331,1397,0.947553960311121
"1988",1331,1400,0.99215194591578
"1989",1331,1403,0.846226178677345
"1990",1331,1411,0.996669800405021
"1991",1331,1417,0.940457512937193
"1992",1331,1422,0.960448947859078
"1993",1331,1425,0.97133811053873
"1994",1331,1429,0.628683792348437
"1995",1331,1433,0.936075448150205
"1996",1331,1437,0.677046381489363
"1997",1331,1438,0.967776998481838
"1998",1331,1439,0.606592461284805
"1999",1331,1452,0.990282688590818
"2000",1331,1455,0.990231118366428
"2001",1331,1457,0.944723361045874
"2002",1331,1458,0.815483464283087
"2003",1332,1333,0.461247128784715
"2004",1332,1345,0.704205118493062
"2005",1332,1353,0.615439048772504
"2006",1332,1361,0.358612465992467
"2007",1332,1364,0.692699925713543
"2008",1332,1382,0.63577230499836
"2009",1332,1393,0.443787346751307
"2010",1332,1397,0.891502767305026
"2011",1332,1400,0.982904479402199
"2012",1332,1403,0.714509728187136
"2013",1332,1411,0.9927066490357
"2014",1332,1417,0.877800153406098
"2015",1332,1422,0.916971566739465
"2016",1332,1425,0.939071529041731
"2017",1332,1429,0.435034142897437
"2018",1332,1433,0.869446918360335
"2019",1332,1437,0.488081227756351
"2020",1332,1438,0.931782988334276
"2021",1332,1439,0.412193699971294
"2022",1332,1452,0.978879538593303
"2023",1332,1455,0.978768748781073
"2024",1332,1457,0.886010916005133
"2025",1332,1458,0.667772345497109
"2026",1333,1345,0.621650811482748
"2027",1333,1353,0.524827359517444
"2028",1333,1361,0.278435775262687
"2029",1333,1364,0.60871875496339
"2030",1333,1382,0.546420642116909
"2031",1333,1393,0.355111037026194
"2032",1333,1397,0.850094373978259
"2033",1333,1400,0.975418033549655
"2034",1333,1403,0.633333917004429
"2035",1333,1411,0.989466754330472
"2036",1333,1417,0.832146750051582
"2037",1333,1422,0.884018870486311
"2038",1333,1425,0.914067997132405
"2039",1333,1429,0.347015664124922
"2040",1333,1433,0.821308059735419
"2041",1333,1437,0.396869384914965
"2042",1333,1438,0.904093890750564
"2043",1333,1439,0.326128816113451
"2044",1333,1452,0.969684859150598
"2045",1333,1455,0.969527339049941
"2046",1333,1457,0.842875945991826
"2047",1333,1458,0.581098492078563
"2048",1345,1353,0.458922085301629
"2049",1345,1361,0.228586829040558
"2050",1345,1364,0.544347092483817
"2051",1345,1382,0.480546031234818
"2052",1345,1393,0.297188594369443
"2053",1345,1397,0.813249950596136
"2054",1345,1400,0.968224825499302
"2055",1345,1403,0.570152212339961
"2056",1345,1411,0.986326875659475
"2057",1345,1417,0.791970575087659
"2058",1345,1422,0.854081314652812
"2059",1345,1425,0.890929868070678
"2060",1345,1429,0.289820242587898
"2061",1345,1433,0.779225889942518
"2062",1345,1437,0.335681127462991
"2063",1345,1438,0.87862673337525
"2064",1345,1439,0.2709475247727
"2065",1345,1452,0.960881283297201
"2066",1345,1455,0.960679873949952
"2067",1345,1457,0.804665018145637
"2068",1345,1458,0.515797344723766
"2069",1353,1361,0.179316874171461
"2070",1353,1364,0.468337706267797
"2071",1353,1382,0.405516890621812
"2072",1353,1393,0.23768814154162
"2073",1353,1397,0.76252859907002
"2074",1353,1400,0.957389287904604
"2075",1353,1403,0.49444962804107
"2076",1353,1411,0.981546603286307
"2077",1353,1417,0.737336399100496
"2078",1353,1422,0.811884551231905
"2079",1353,1425,0.857612484546087
"2080",1353,1429,0.231309488794883
"2081",1353,1433,0.72241775768978
"2082",1353,1437,0.271450616383879
"2083",1353,1438,0.842216718695335
"2084",1353,1439,0.215092932640182
"2085",1353,1452,0.947676878216351
"2086",1353,1455,0.947411204558931
"2087",1353,1457,0.752322114623056
"2088",1353,1458,0.439925557420448
"2089",1361,1364,0.683789334238436
"2090",1361,1382,0.626102012497724
"2091",1361,1393,0.433561181629864
"2092",1361,1397,0.88741986158832
"2093",1361,1400,0.982192445838924
"2094",1361,1403,0.705963099025152
"2095",1361,1411,0.992399721896063
"2096",1361,1417,0.873274897099513
"2097",1361,1422,0.913754368262747
"2098",1361,1425,0.936651504002487
"2099",1361,1429,0.424855611816566
"2100",1361,1433,0.864660021695862
"2101",1361,1437,0.477711010565912
"2102",1361,1438,0.929095327195437
"2103",1361,1439,0.402169157883094
"2104",1361,1452,0.978003616646705
"2105",1361,1455,0.977888335874688
"2106",1361,1457,0.881748756827906
"2107",1361,1458,0.658495293290511
"2108",1364,1382,0.467268425666254
"2109",1364,1393,0.286186040453393
"2110",1364,1397,0.805026067513294
"2111",1364,1400,0.966544798771795
"2112",1364,1403,0.55705381657144
"2113",1364,1411,0.985589701372157
"2114",1364,1417,0.78305958750778
"2115",1364,1422,0.847317938100564
"2116",1364,1425,0.885645754513727
"2117",1364,1429,0.27898219545249
"2118",1364,1433,0.769927574502554
"2119",1364,1437,0.32391028395565
"2120",1364,1438,0.872831648720486
"2121",1364,1439,0.260556302607706
"2122",1364,1452,0.958829496440146
"2123",1364,1455,0.958617978076127
"2124",1364,1457,0.796157841281266
"2125",1364,1458,0.502487926967526
"2126",1382,1393,0.289862400055219
"2127",1382,1397,0.807824628044878
"2128",1382,1400,0.967119689012021
"2129",1382,1403,0.561472783361455
"2130",1382,1411,0.985842120007648
"2131",1382,1417,0.78608966413904
"2132",1382,1422,0.849622854973684
"2133",1382,1425,0.88744892472741
"2134",1382,1429,0.282602651553754
"2135",1382,1433,0.773087919701561
"2136",1382,1437,0.327848674926486
"2137",1382,1438,0.874808313421322
"2138",1382,1439,0.264025200829021
"2139",1382,1452,0.959531414539725
"2140",1382,1455,0.959323349377358
"2141",1382,1457,0.799051918221081
"2142",1382,1458,0.506969458800648
"2143",1393,1397,0.867703074353061
"2144",1393,1400,0.978674850012103
"2145",1393,1403,0.666412917683119
"2146",1393,1411,0.990879686697316
"2147",1393,1417,0.851495383044934
"2148",1393,1422,0.898120199085529
"2149",1393,1425,0.924826539974857
"2150",1393,1429,0.380665633121487
"2151",1393,1433,0.841668361083331
"2152",1393,1437,0.432154244356069
"2153",1393,1438,0.915986400985585
"2154",1393,1439,0.35886650735866
"2155",1393,1452,0.973680757323917
"2156",1393,1455,0.973543433764827
"2157",1393,1457,0.861194110811225
"2158",1393,1458,0.616032957857188
"2159",1397,1400,0.879669484203134
"2160",1397,1403,0.2414030230069
"2161",1397,1411,0.945374514738562
"2162",1397,1417,0.477357918464226
"2163",1397,1422,0.584069517392281
"2164",1397,1425,0.662129755435301
"2165",1397,1429,0.0891764455949439
"2166",1397,1433,0.458517053520734
"2167",1397,1437,0.108121376989157
"2168",1397,1438,0.634602843889069
"2169",1397,1439,0.0818632961314909
"2170",1397,1452,0.854926478058313
"2171",1397,1455,0.854262282882697
"2172",1397,1457,0.49705881154477
"2173",1397,1458,0.20354806782839
"2174",1400,1403,0.0551965752408406
"2175",1400,1411,0.760606491980397
"2176",1400,1417,0.143600297768492
"2177",1400,1422,0.204961026051409
"2178",1400,1425,0.264584775982974
"2179",1400,1429,0.0176570487015425
"2180",1400,1433,0.134541437909282
"2181",1400,1437,0.0217713455120407
"2182",1400,1438,0.241759228443279
"2183",1400,1439,0.0161053276008927
"2184",1400,1452,0.519665261737855
"2185",1400,1455,0.518330918858776
"2186",1400,1457,0.153574284111652
"2187",1400,1458,0.0448160431988044
"2188",1403,1411,0.981742246351517
"2189",1403,1417,0.739433840695487
"2190",1403,1422,0.813537245663505
"2191",1403,1425,0.858933238688122
"2192",1403,1429,0.233245713923791
"2193",1403,1433,0.724589831478708
"2194",1403,1437,0.273603253941846
"2195",1403,1438,0.843654246125114
"2196",1403,1439,0.216931721920112
"2197",1403,1452,0.948212662608919
"2198",1403,1455,0.947949560007439
"2199",1403,1457,0.754339760250791
"2200",1403,1458,0.442602569595682
"2201",1411,1417,0.0625130136658413
"2202",1411,1422,0.0929870967825016
"2203",1411,1425,0.125165463183344
"2204",1411,1429,0.00709721669095065
"2205",1411,1433,0.058221692279387
"2206",1411,1437,0.00877292470053672
"2207",1411,1438,0.11252715906954
"2208",1411,1439,0.00646739569997097
"2209",1411,1452,0.300814350900584
"2210",1411,1455,0.29969134242716
"2211",1411,1457,0.0672975311035465
"2212",1411,1458,0.0183165764845838
"2213",1417,1422,0.662572179590761
"2214",1417,1425,0.732643375557532
"2215",1417,1429,0.120420279694948
"2216",1417,1433,0.54214027484931
"2217",1417,1437,0.144946468141248
"2218",1417,1438,0.708330711531692
"2219",1417,1439,0.110856747802661
"2220",1417,1452,0.89177976304965
"2221",1417,1455,0.891262834394076
"2222",1417,1457,0.58017969877959
"2223",1417,1458,0.263280233855768
"2224",1422,1425,0.592739811164393
"2225",1422,1429,0.0677846175731581
"2226",1422,1433,0.386082274206309
"2227",1422,1437,0.0825971179489109
"2228",1422,1438,0.563288259229422
"2229",1422,1439,0.06210614171036
"2230",1422,1452,0.814009807529282
"2231",1422,1455,0.813199213642426
"2232",1422,1457,0.42329507409543
"2233",1422,1458,0.15952575354179
"2234",1425,1429,0.0532037818555759
"2235",1425,1433,0.327054782946125
"2236",1425,1437,0.0650523783377938
"2237",1425,1438,0.499198088392592
"2238",1425,1439,0.048682987945847
"2239",1425,1452,0.771808744909303
"2240",1425,1455,0.770865999951429
"2241",1425,1457,0.361932340309019
"2242",1425,1458,0.127918811858089
"2243",1429,1433,0.862956650768527
"2244",1429,1437,0.474099618627709
"2245",1429,1438,0.928135527953906
"2246",1429,1439,0.398692908098599
"2247",1429,1452,0.977689965712265
"2248",1429,1455,0.977573078822908
"2249",1429,1457,0.880230670880508
"2250",1429,1458,0.655231776940551
"2251",1433,1437,0.103710980477911
"2252",1433,1438,0.62373576176606
"2253",1433,1439,0.078429807304544
"2254",1433,1452,0.849053339185525
"2255",1433,1455,0.848367023982068
"2256",1433,1457,0.485418079496105
"2257",1433,1458,0.196100980006363
"2258",1437,1438,0.912067975090462
"2259",1437,1439,0.347474347910876
"2260",1437,1452,0.972372055525385
"2261",1437,1455,0.972228098430671
"2262",1437,1457,0.855124344034169
"2263",1437,1458,0.604170135054326
"2264",1438,1439,0.0405043390623886
"2265",1438,1452,0.736153601379055
"2266",1438,1455,0.735114106730635
"2267",1438,1457,0.318761776330501
"2268",1438,1458,0.107939051818239
"2269",1439,1452,0.972065461301711
"2270",1439,1455,0.971919952812267
"2271",1439,1457,0.853712369477895
"2272",1439,1458,0.601452259294726
"2273",1452,1455,0.70719752298609
"2274",1452,1457,0.289382936770795
"2275",1452,1458,0.0952733650774526
"2276",1455,1457,0.163550006889167
"2277",1455,1458,0.0481288610631678
"2278",1457,1458,0.308197024984676
